[{"model": "admin.logentry", "pk": 1, "fields": {"action_time": "2023-03-16T16:48:27.704Z", "user": 1, "content_type": 7, "object_id": "1", "object_repr": "JordaanVintage&Charityexample.com", "action_flag": 2, "change_message": "[{\"changed\": {\"fields\": [\"Domain name\", \"Display name\"]}}]"}}, {"model": "admin.logentry", "pk": 2, "fields": {"action_time": "2023-03-16T16:58:54.775Z", "user": 1, "content_type": 8, "object_id": "1", "object_repr": "mario.castaldo1992@gmail.com", "action_flag": 2, "change_message": "[{\"changed\": {\"fields\": [\"Verified\", \"Primary\"]}}]"}}, {"model": "admin.logentry", "pk": 3, "fields": {"action_time": "2023-03-20T14:45:39.988Z", "user": 1, "content_type": 19, "object_id": "1361d847-43c5-456a-b2c7-cdfc7782e300", "object_repr": "Sleeveless Shirt", "action_flag": 1, "change_message": "[{\"added\": {}}]"}}, {"model": "admin.logentry", "pk": 4, "fields": {"action_time": "2023-03-20T15:28:23.661Z", "user": 1, "content_type": 18, "object_id": "1", "object_repr": "H&M", "action_flag": 1, "change_message": "[{\"added\": {}}]"}}, {"model": "admin.logentry", "pk": 5, "fields": {"action_time": "2023-03-20T15:28:30.796Z", "user": 1, "content_type": 18, "object_id": "2", "object_repr": "Zara", "action_flag": 1, "change_message": "[{\"added\": {}}]"}}, {"model": "admin.logentry", "pk": 6, "fields": {"action_time": "2023-03-20T15:28:39.222Z", "user": 1, "content_type": 18, "object_id": "3", "object_repr": "Mango", "action_flag": 1, "change_message": "[{\"added\": {}}]"}}, {"model": "admin.logentry", "pk": 7, "fields": {"action_time": "2023-03-20T15:28:51.278Z", "user": 1, "content_type": 17, "object_id": "1", "object_repr": "Man", "action_flag": 1, "change_message": "[{\"added\": {}}]"}}, {"model": "admin.logentry", "pk": 8, "fields": {"action_time": "2023-03-20T15:29:10.438Z", "user": 1, "content_type": 17, "object_id": "1", "object_repr": "Man", "action_flag": 2, "change_message": "[{\"changed\": {\"fields\": [\"Friendly name\"]}}]"}}, {"model": "admin.logentry", "pk": 9, "fields": {"action_time": "2023-03-20T15:29:26.821Z", "user": 1, "content_type": 17, "object_id": "2", "object_repr": "Women", "action_flag": 1, "change_message": "[{\"added\": {}}]"}}, {"model": "admin.logentry", "pk": 10, "fields": {"action_time": "2023-03-20T15:29:39.300Z", "user": 1, "content_type": 17, "object_id": "3", "object_repr": "Kids", "action_flag": 1, "change_message": "[{\"added\": {}}]"}}, {"model": "admin.logentry", "pk": 11, "fields": {"action_time": "2023-03-20T15:29:47.301Z", "user": 1, "content_type": 17, "object_id": "4", "object_repr": "Toys", "action_flag": 1, "change_message": "[{\"added\": {}}]"}}, {"model": "admin.logentry", "pk": 12, "fields": {"action_time": "2023-03-20T15:29:58.089Z", "user": 1, "content_type": 15, "object_id": "1", "object_repr": "T-Shirt", "action_flag": 1, "change_message": "[{\"added\": {}}]"}}, {"model": "admin.logentry", "pk": 13, "fields": {"action_time": "2023-03-20T15:30:04.640Z", "user": 1, "content_type": 15, "object_id": "2", "object_repr": "Jeans", "action_flag": 1, "change_message": "[{\"added\": {}}]"}}, {"model": "admin.logentry", "pk": 14, "fields": {"action_time": "2023-03-20T15:30:12.106Z", "user": 1, "content_type": 15, "object_id": "3", "object_repr": "Shirts", "action_flag": 1, "change_message": "[{\"added\": {}}]"}}, {"model": "admin.logentry", "pk": 15, "fields": {"action_time": "2023-03-20T15:32:00.237Z", "user": 1, "content_type": 15, "object_id": "4", "object_repr": "Dresses & Skirts", "action_flag": 1, "change_message": "[{\"added\": {}}]"}}, {"model": "admin.logentry", "pk": 16, "fields": {"action_time": "2023-03-20T15:32:11.341Z", "user": 1, "content_type": 15, "object_id": "5", "object_repr": "Trousers", "action_flag": 1, "change_message": "[{\"added\": {}}]"}}, {"model": "admin.logentry", "pk": 17, "fields": {"action_time": "2023-03-20T15:32:33.322Z", "user": 1, "content_type": 15, "object_id": "6", "object_repr": "Skirts", "action_flag": 1, "change_message": "[{\"added\": {}}]"}}, {"model": "admin.logentry", "pk": 18, "fields": {"action_time": "2023-03-20T15:32:37.102Z", "user": 1, "content_type": 15, "object_id": "7", "object_repr": "Tops", "action_flag": 1, "change_message": "[{\"added\": {}}]"}}, {"model": "admin.logentry", "pk": 19, "fields": {"action_time": "2023-03-20T15:32:40.978Z", "user": 1, "content_type": 15, "object_id": "8", "object_repr": "Toys", "action_flag": 1, "change_message": "[{\"added\": {}}]"}}, {"model": "admin.logentry", "pk": 20, "fields": {"action_time": "2023-03-20T15:32:47.871Z", "user": 1, "content_type": 16, "object_id": "1", "object_repr": "Black", "action_flag": 1, "change_message": "[{\"added\": {}}]"}}, {"model": "admin.logentry", "pk": 21, "fields": {"action_time": "2023-03-20T15:32:51.581Z", "user": 1, "content_type": 16, "object_id": "2", "object_repr": "White", "action_flag": 1, "change_message": "[{\"added\": {}}]"}}, {"model": "admin.logentry", "pk": 22, "fields": {"action_time": "2023-03-20T15:32:56.335Z", "user": 1, "content_type": 16, "object_id": "3", "object_repr": "Blue", "action_flag": 1, "change_message": "[{\"added\": {}}]"}}, {"model": "admin.logentry", "pk": 23, "fields": {"action_time": "2023-03-20T15:33:00.476Z", "user": 1, "content_type": 16, "object_id": "4", "object_repr": "Green", "action_flag": 1, "change_message": "[{\"added\": {}}]"}}, {"model": "admin.logentry", "pk": 24, "fields": {"action_time": "2023-03-20T15:33:04.406Z", "user": 1, "content_type": 16, "object_id": "5", "object_repr": "Yellow", "action_flag": 1, "change_message": "[{\"added\": {}}]"}}, {"model": "admin.logentry", "pk": 25, "fields": {"action_time": "2023-03-20T15:33:08.482Z", "user": 1, "content_type": 16, "object_id": "6", "object_repr": "Red", "action_flag": 1, "change_message": "[{\"added\": {}}]"}}, {"model": "admin.logentry", "pk": 26, "fields": {"action_time": "2023-03-20T15:33:24.683Z", "user": 1, "content_type": 16, "object_id": "7", "object_repr": "Pink", "action_flag": 1, "change_message": "[{\"added\": {}}]"}}, {"model": "admin.logentry", "pk": 27, "fields": {"action_time": "2023-03-20T15:33:38.602Z", "user": 1, "content_type": 13, "object_id": "1", "object_repr": "1", "action_flag": 1, "change_message": "[{\"added\": {}}]"}}, {"model": "admin.logentry", "pk": 28, "fields": {"action_time": "2023-03-20T15:33:41.621Z", "user": 1, "content_type": 13, "object_id": "2", "object_repr": "2", "action_flag": 1, "change_message": "[{\"added\": {}}]"}}, {"model": "admin.logentry", "pk": 29, "fields": {"action_time": "2023-03-20T15:33:44.106Z", "user": 1, "content_type": 13, "object_id": "3", "object_repr": "3", "action_flag": 1, "change_message": "[{\"added\": {}}]"}}, {"model": "admin.logentry", "pk": 30, "fields": {"action_time": "2023-03-20T15:33:45.971Z", "user": 1, "content_type": 13, "object_id": "4", "object_repr": "4", "action_flag": 1, "change_message": "[{\"added\": {}}]"}}, {"model": "admin.logentry", "pk": 31, "fields": {"action_time": "2023-03-20T15:33:47.626Z", "user": 1, "content_type": 13, "object_id": "5", "object_repr": "5", "action_flag": 1, "change_message": "[{\"added\": {}}]"}}, {"model": "admin.logentry", "pk": 32, "fields": {"action_time": "2023-03-20T15:33:50.497Z", "user": 1, "content_type": 13, "object_id": "6", "object_repr": "6", "action_flag": 1, "change_message": "[{\"added\": {}}]"}}, {"model": "admin.logentry", "pk": 33, "fields": {"action_time": "2023-03-20T15:33:52.494Z", "user": 1, "content_type": 13, "object_id": "7", "object_repr": "7", "action_flag": 1, "change_message": "[{\"added\": {}}]"}}, {"model": "admin.logentry", "pk": 34, "fields": {"action_time": "2023-03-20T15:33:54.474Z", "user": 1, "content_type": 13, "object_id": "8", "object_repr": "8", "action_flag": 1, "change_message": "[{\"added\": {}}]"}}, {"model": "admin.logentry", "pk": 35, "fields": {"action_time": "2023-03-20T15:33:56.435Z", "user": 1, "content_type": 13, "object_id": "9", "object_repr": "9", "action_flag": 1, "change_message": "[{\"added\": {}}]"}}, {"model": "admin.logentry", "pk": 36, "fields": {"action_time": "2023-03-20T15:33:58.874Z", "user": 1, "content_type": 13, "object_id": "10", "object_repr": "10", "action_flag": 1, "change_message": "[{\"added\": {}}]"}}, {"model": "admin.logentry", "pk": 37, "fields": {"action_time": "2023-03-20T15:34:00.663Z", "user": 1, "content_type": 13, "object_id": "11", "object_repr": "12", "action_flag": 1, "change_message": "[{\"added\": {}}]"}}, {"model": "admin.logentry", "pk": 38, "fields": {"action_time": "2023-03-20T15:34:03.606Z", "user": 1, "content_type": 13, "object_id": "12", "object_repr": "12", "action_flag": 1, "change_message": "[{\"added\": {}}]"}}, {"model": "admin.logentry", "pk": 39, "fields": {"action_time": "2023-03-20T15:34:11.975Z", "user": 1, "content_type": 13, "object_id": "12", "object_repr": "12", "action_flag": 3, "change_message": ""}}, {"model": "admin.logentry", "pk": 40, "fields": {"action_time": "2023-03-20T15:34:17.007Z", "user": 1, "content_type": 13, "object_id": "13", "object_repr": "11", "action_flag": 1, "change_message": "[{\"added\": {}}]"}}, {"model": "admin.logentry", "pk": 41, "fields": {"action_time": "2023-03-20T15:34:30.558Z", "user": 1, "content_type": 14, "object_id": "1", "object_repr": "S", "action_flag": 1, "change_message": "[{\"added\": {}}]"}}, {"model": "admin.logentry", "pk": 42, "fields": {"action_time": "2023-03-20T15:34:35.011Z", "user": 1, "content_type": 14, "object_id": "2", "object_repr": "M", "action_flag": 1, "change_message": "[{\"added\": {}}]"}}, {"model": "admin.logentry", "pk": 43, "fields": {"action_time": "2023-03-20T15:34:38.964Z", "user": 1, "content_type": 14, "object_id": "3", "object_repr": "L", "action_flag": 1, "change_message": "[{\"added\": {}}]"}}, {"model": "admin.logentry", "pk": 44, "fields": {"action_time": "2023-03-20T15:34:48.231Z", "user": 1, "content_type": 14, "object_id": "4", "object_repr": "XL", "action_flag": 1, "change_message": "[{\"added\": {}}]"}}, {"model": "admin.logentry", "pk": 45, "fields": {"action_time": "2023-03-20T15:34:51.991Z", "user": 1, "content_type": 14, "object_id": "5", "object_repr": "XXL", "action_flag": 1, "change_message": "[{\"added\": {}}]"}}, {"model": "admin.logentry", "pk": 46, "fields": {"action_time": "2023-03-20T15:35:24.759Z", "user": 1, "content_type": 19, "object_id": "1361d847-43c5-456a-b2c7-cdfc7782e300", "object_repr": "Sleeveless Shirt", "action_flag": 2, "change_message": "[{\"changed\": {\"fields\": [\"Category\", \"Clothes type\", \"Size\", \"Colour\", \"Brand or author\", \"Image\"]}}]"}}, {"model": "admin.logentry", "pk": 47, "fields": {"action_time": "2023-03-20T15:37:18.458Z", "user": 1, "content_type": 19, "object_id": "08d80f38-bea6-4ce4-a47d-4f23df8198ac", "object_repr": "T-Shirt", "action_flag": 1, "change_message": "[{\"added\": {}}]"}}, {"model": "admin.logentry", "pk": 48, "fields": {"action_time": "2023-03-20T15:38:31.150Z", "user": 1, "content_type": 19, "object_id": "4e8d7159-00aa-49ca-8af1-586eb2df6f6c", "object_repr": "Jeans", "action_flag": 1, "change_message": "[{\"added\": {}}]"}}, {"model": "admin.logentry", "pk": 49, "fields": {"action_time": "2023-03-20T15:38:39.957Z", "user": 1, "content_type": 16, "object_id": "8", "object_repr": "Denim", "action_flag": 1, "change_message": "[{\"added\": {}}]"}}, {"model": "admin.logentry", "pk": 50, "fields": {"action_time": "2023-03-20T15:38:51.998Z", "user": 1, "content_type": 19, "object_id": "4e8d7159-00aa-49ca-8af1-586eb2df6f6c", "object_repr": "Jeans", "action_flag": 2, "change_message": "[{\"changed\": {\"fields\": [\"Colour\"]}}]"}}, {"model": "admin.logentry", "pk": 51, "fields": {"action_time": "2023-03-20T15:40:18.537Z", "user": 1, "content_type": 19, "object_id": "8b9e5d3f-8c0c-41e7-ba9d-c27cf5a459bb", "object_repr": "Black Pants", "action_flag": 1, "change_message": "[{\"added\": {}}]"}}, {"model": "admin.logentry", "pk": 52, "fields": {"action_time": "2023-03-20T15:40:26.221Z", "user": 1, "content_type": 19, "object_id": "08d80f38-bea6-4ce4-a47d-4f23df8198ac", "object_repr": "T-Shirt", "action_flag": 2, "change_message": "[{\"changed\": {\"fields\": [\"Quantity\"]}}]"}}, {"model": "admin.logentry", "pk": 53, "fields": {"action_time": "2023-03-20T15:40:34.249Z", "user": 1, "content_type": 19, "object_id": "1361d847-43c5-456a-b2c7-cdfc7782e300", "object_repr": "Sleeveless Shirt", "action_flag": 2, "change_message": "[{\"changed\": {\"fields\": [\"Quantity\"]}}]"}}, {"model": "admin.logentry", "pk": 54, "fields": {"action_time": "2023-03-20T15:40:39.294Z", "user": 1, "content_type": 19, "object_id": "4e8d7159-00aa-49ca-8af1-586eb2df6f6c", "object_repr": "Jeans", "action_flag": 2, "change_message": "[{\"changed\": {\"fields\": [\"Category\"]}}]"}}, {"model": "admin.logentry", "pk": 55, "fields": {"action_time": "2023-03-20T15:42:29.326Z", "user": 1, "content_type": 19, "object_id": "6e40ad36-cf52-41ee-821c-03456e14319d", "object_repr": "Shirt", "action_flag": 1, "change_message": "[{\"added\": {}}]"}}, {"model": "admin.logentry", "pk": 56, "fields": {"action_time": "2023-03-20T15:43:37.538Z", "user": 1, "content_type": 18, "object_id": "4", "object_repr": "Primark", "action_flag": 1, "change_message": "[{\"added\": {}}]"}}, {"model": "admin.logentry", "pk": 57, "fields": {"action_time": "2023-03-20T15:43:58.676Z", "user": 1, "content_type": 18, "object_id": "5", "object_repr": "Pull&Bear", "action_flag": 1, "change_message": "[{\"added\": {}}]"}}, {"model": "admin.logentry", "pk": 58, "fields": {"action_time": "2023-03-20T15:45:03.794Z", "user": 1, "content_type": 19, "object_id": "ea6f203a-1862-422b-8a10-800a3df23209", "object_repr": "T-Shirt", "action_flag": 1, "change_message": "[{\"added\": {}}]"}}, {"model": "admin.logentry", "pk": 59, "fields": {"action_time": "2023-03-20T15:46:11.826Z", "user": 1, "content_type": 19, "object_id": "977c42f4-e508-410e-8914-6f21fe5d5491", "object_repr": "Shirt", "action_flag": 1, "change_message": "[{\"added\": {}}]"}}, {"model": "admin.logentry", "pk": 60, "fields": {"action_time": "2023-03-20T15:47:00.102Z", "user": 1, "content_type": 19, "object_id": "a54f55eb-bf69-4a0b-aeef-a0914d8ff17e", "object_repr": "Shirt", "action_flag": 1, "change_message": "[{\"added\": {}}]"}}, {"model": "admin.logentry", "pk": 61, "fields": {"action_time": "2023-03-20T15:47:59.263Z", "user": 1, "content_type": 19, "object_id": "fa5c2bc9-f876-4659-b98d-21a897019038", "object_repr": "Shorts", "action_flag": 1, "change_message": "[{\"added\": {}}]"}}, {"model": "admin.logentry", "pk": 62, "fields": {"action_time": "2023-03-20T15:48:49.690Z", "user": 1, "content_type": 19, "object_id": "fdffba32-4c0b-490e-af3e-d18c3f958efc", "object_repr": "Jeans", "action_flag": 1, "change_message": "[{\"added\": {}}]"}}, {"model": "admin.logentry", "pk": 63, "fields": {"action_time": "2023-03-20T15:49:33.379Z", "user": 1, "content_type": 19, "object_id": "b3068503-6779-4a38-9db9-5ad88d1acb70", "object_repr": "Hulk", "action_flag": 1, "change_message": "[{\"added\": {}}]"}}, {"model": "admin.logentry", "pk": 64, "fields": {"action_time": "2023-03-20T15:50:20.773Z", "user": 1, "content_type": 19, "object_id": "2a5ae5e6-9936-4725-9a47-cca78507737a", "object_repr": "Spider-Man", "action_flag": 1, "change_message": "[{\"added\": {}}]"}}, {"model": "admin.logentry", "pk": 65, "fields": {"action_time": "2023-03-20T15:50:58.759Z", "user": 1, "content_type": 19, "object_id": "62a92ce5-f6de-4dcc-bbae-2a63a64dec06", "object_repr": "Car", "action_flag": 1, "change_message": "[{\"added\": {}}]"}}, {"model": "admin.logentry", "pk": 66, "fields": {"action_time": "2023-03-20T15:51:45.210Z", "user": 1, "content_type": 19, "object_id": "a69b3c96-11f6-487b-84b5-9a8eaf2d0d18", "object_repr": "T-Shirt", "action_flag": 1, "change_message": "[{\"added\": {}}]"}}, {"model": "admin.logentry", "pk": 67, "fields": {"action_time": "2023-03-20T15:52:32.726Z", "user": 1, "content_type": 19, "object_id": "f07f3cc1-fb8e-46d0-a984-c849c5c680d1", "object_repr": "Dress", "action_flag": 1, "change_message": "[{\"added\": {}}]"}}, {"model": "admin.logentry", "pk": 68, "fields": {"action_time": "2023-03-21T13:25:40.526Z", "user": 1, "content_type": 17, "object_id": "2", "object_repr": "Women", "action_flag": 2, "change_message": "[{\"changed\": {\"fields\": [\"Friendly name\"]}}]"}}, {"model": "admin.logentry", "pk": 69, "fields": {"action_time": "2023-03-21T13:25:46.832Z", "user": 1, "content_type": 17, "object_id": "3", "object_repr": "Kids", "action_flag": 2, "change_message": "[{\"changed\": {\"fields\": [\"Friendly name\"]}}]"}}, {"model": "admin.logentry", "pk": 70, "fields": {"action_time": "2023-03-21T13:25:53.098Z", "user": 1, "content_type": 17, "object_id": "4", "object_repr": "Toys", "action_flag": 2, "change_message": "[{\"changed\": {\"fields\": [\"Friendly name\"]}}]"}}, {"model": "admin.logentry", "pk": 71, "fields": {"action_time": "2023-03-21T13:26:04.592Z", "user": 1, "content_type": 17, "object_id": "1", "object_repr": "Men", "action_flag": 2, "change_message": "[{\"changed\": {\"fields\": [\"Name\", \"Friendly name\"]}}]"}}, {"model": "admin.logentry", "pk": 72, "fields": {"action_time": "2023-03-21T13:26:25.533Z", "user": 1, "content_type": 17, "object_id": "2", "object_repr": "Women", "action_flag": 2, "change_message": "[{\"changed\": {\"fields\": [\"Friendly name\"]}}]"}}, {"model": "admin.logentry", "pk": 73, "fields": {"action_time": "2023-03-21T13:33:34.247Z", "user": 1, "content_type": 17, "object_id": "4", "object_repr": "Toys", "action_flag": 2, "change_message": "[]"}}, {"model": "admin.logentry", "pk": 74, "fields": {"action_time": "2023-03-21T13:33:45.436Z", "user": 1, "content_type": 17, "object_id": "2", "object_repr": "Women", "action_flag": 2, "change_message": "[]"}}, {"model": "admin.logentry", "pk": 75, "fields": {"action_time": "2023-03-21T13:35:04.850Z", "user": 1, "content_type": 15, "object_id": "8", "object_repr": "toys", "action_flag": 2, "change_message": "[{\"changed\": {\"fields\": [\"Clothes\"]}}]"}}, {"model": "admin.logentry", "pk": 76, "fields": {"action_time": "2023-03-21T13:35:10.644Z", "user": 1, "content_type": 15, "object_id": "7", "object_repr": "tops", "action_flag": 2, "change_message": "[{\"changed\": {\"fields\": [\"Clothes\"]}}]"}}, {"model": "admin.logentry", "pk": 77, "fields": {"action_time": "2023-03-21T13:35:16.089Z", "user": 1, "content_type": 15, "object_id": "6", "object_repr": "skirts", "action_flag": 2, "change_message": "[{\"changed\": {\"fields\": [\"Clothes\"]}}]"}}, {"model": "admin.logentry", "pk": 78, "fields": {"action_time": "2023-03-21T13:35:21.708Z", "user": 1, "content_type": 15, "object_id": "5", "object_repr": "trousers", "action_flag": 2, "change_message": "[{\"changed\": {\"fields\": [\"Clothes\"]}}]"}}, {"model": "admin.logentry", "pk": 79, "fields": {"action_time": "2023-03-21T13:35:35.680Z", "user": 1, "content_type": 15, "object_id": "4", "object_repr": "dresses & skirts", "action_flag": 2, "change_message": "[{\"changed\": {\"fields\": [\"Clothes\"]}}]"}}, {"model": "admin.logentry", "pk": 80, "fields": {"action_time": "2023-03-21T13:35:39.032Z", "user": 1, "content_type": 15, "object_id": "3", "object_repr": "Shirts", "action_flag": 2, "change_message": "[]"}}, {"model": "admin.logentry", "pk": 81, "fields": {"action_time": "2023-03-21T13:35:42.974Z", "user": 1, "content_type": 15, "object_id": "3", "object_repr": "shirts", "action_flag": 2, "change_message": "[{\"changed\": {\"fields\": [\"Clothes\"]}}]"}}, {"model": "admin.logentry", "pk": 82, "fields": {"action_time": "2023-03-21T13:35:46.487Z", "user": 1, "content_type": 15, "object_id": "2", "object_repr": "seans", "action_flag": 2, "change_message": "[{\"changed\": {\"fields\": [\"Clothes\"]}}]"}}, {"model": "admin.logentry", "pk": 83, "fields": {"action_time": "2023-03-21T13:35:50.861Z", "user": 1, "content_type": 15, "object_id": "2", "object_repr": "jeans", "action_flag": 2, "change_message": "[{\"changed\": {\"fields\": [\"Clothes\"]}}]"}}, {"model": "admin.logentry", "pk": 84, "fields": {"action_time": "2023-03-21T13:35:58.439Z", "user": 1, "content_type": 15, "object_id": "1", "object_repr": "t-shirt", "action_flag": 2, "change_message": "[{\"changed\": {\"fields\": [\"Clothes\"]}}]"}}, {"model": "admin.logentry", "pk": 85, "fields": {"action_time": "2023-03-21T13:40:32.144Z", "user": 1, "content_type": 17, "object_id": "4", "object_repr": "Toys", "action_flag": 2, "change_message": "[]"}}, {"model": "admin.logentry", "pk": 86, "fields": {"action_time": "2023-03-21T14:23:44.597Z", "user": 1, "content_type": 17, "object_id": "4", "object_repr": "Toys", "action_flag": 2, "change_message": "[]"}}, {"model": "admin.logentry", "pk": 87, "fields": {"action_time": "2023-03-21T14:24:00.099Z", "user": 1, "content_type": 17, "object_id": "5", "object_repr": "women_skirts", "action_flag": 1, "change_message": "[{\"added\": {}}]"}}, {"model": "admin.logentry", "pk": 88, "fields": {"action_time": "2023-03-21T14:24:10.003Z", "user": 1, "content_type": 17, "object_id": "6", "object_repr": "women_tops", "action_flag": 1, "change_message": "[{\"added\": {}}]"}}, {"model": "admin.logentry", "pk": 89, "fields": {"action_time": "2023-03-21T14:24:16.528Z", "user": 1, "content_type": 17, "object_id": "7", "object_repr": "women_jeans", "action_flag": 1, "change_message": "[{\"added\": {}}]"}}, {"model": "admin.logentry", "pk": 90, "fields": {"action_time": "2023-03-21T14:25:35.777Z", "user": 1, "content_type": 17, "object_id": "8", "object_repr": "man_jeans", "action_flag": 1, "change_message": "[{\"added\": {}}]"}}, {"model": "admin.logentry", "pk": 91, "fields": {"action_time": "2023-03-21T14:25:45.162Z", "user": 1, "content_type": 17, "object_id": "9", "object_repr": "men_shirts", "action_flag": 1, "change_message": "[{\"added\": {}}]"}}, {"model": "admin.logentry", "pk": 92, "fields": {"action_time": "2023-03-21T14:25:52.112Z", "user": 1, "content_type": 17, "object_id": "8", "object_repr": "men_jeans", "action_flag": 2, "change_message": "[{\"changed\": {\"fields\": [\"Name\"]}}]"}}, {"model": "admin.logentry", "pk": 93, "fields": {"action_time": "2023-03-21T14:26:00.071Z", "user": 1, "content_type": 17, "object_id": "10", "object_repr": "men_t-shirts", "action_flag": 1, "change_message": "[{\"added\": {}}]"}}, {"model": "admin.logentry", "pk": 94, "fields": {"action_time": "2023-03-21T14:26:25.229Z", "user": 1, "content_type": 17, "object_id": "11", "object_repr": "kids_trousers", "action_flag": 1, "change_message": "[{\"added\": {}}]"}}, {"model": "admin.logentry", "pk": 95, "fields": {"action_time": "2023-03-21T14:26:33.072Z", "user": 1, "content_type": 17, "object_id": "12", "object_repr": "kids_t-shirts", "action_flag": 1, "change_message": "[{\"added\": {}}]"}}, {"model": "admin.logentry", "pk": 96, "fields": {"action_time": "2023-03-21T14:26:45.502Z", "user": 1, "content_type": 17, "object_id": "13", "object_repr": "kids_dresses_skirts", "action_flag": 1, "change_message": "[{\"added\": {}}]"}}, {"model": "admin.logentry", "pk": 97, "fields": {"action_time": "2023-03-21T14:28:30.966Z", "user": 1, "content_type": 19, "object_id": "08d80f38-bea6-4ce4-a47d-4f23df8198ac", "object_repr": "T-Shirt", "action_flag": 2, "change_message": "[{\"changed\": {\"fields\": [\"Category\"]}}]"}}, {"model": "admin.logentry", "pk": 98, "fields": {"action_time": "2023-03-21T14:28:38.960Z", "user": 1, "content_type": 19, "object_id": "1361d847-43c5-456a-b2c7-cdfc7782e300", "object_repr": "Sleeveless Shirt", "action_flag": 2, "change_message": "[{\"changed\": {\"fields\": [\"Category\"]}}]"}}, {"model": "admin.logentry", "pk": 99, "fields": {"action_time": "2023-03-21T14:28:48.736Z", "user": 1, "content_type": 19, "object_id": "2a5ae5e6-9936-4725-9a47-cca78507737a", "object_repr": "Spider-Man", "action_flag": 2, "change_message": "[]"}}, {"model": "admin.logentry", "pk": 100, "fields": {"action_time": "2023-03-21T14:28:56.381Z", "user": 1, "content_type": 19, "object_id": "4e8d7159-00aa-49ca-8af1-586eb2df6f6c", "object_repr": "Jeans", "action_flag": 2, "change_message": "[{\"changed\": {\"fields\": [\"Category\"]}}]"}}, {"model": "admin.logentry", "pk": 101, "fields": {"action_time": "2023-03-21T14:29:02.261Z", "user": 1, "content_type": 19, "object_id": "62a92ce5-f6de-4dcc-bbae-2a63a64dec06", "object_repr": "Car", "action_flag": 2, "change_message": "[]"}}, {"model": "admin.logentry", "pk": 102, "fields": {"action_time": "2023-03-21T14:29:13.511Z", "user": 1, "content_type": 19, "object_id": "6e40ad36-cf52-41ee-821c-03456e14319d", "object_repr": "Shirt", "action_flag": 2, "change_message": "[{\"changed\": {\"fields\": [\"Category\"]}}]"}}, {"model": "admin.logentry", "pk": 103, "fields": {"action_time": "2023-03-21T14:29:22.477Z", "user": 1, "content_type": 19, "object_id": "8b9e5d3f-8c0c-41e7-ba9d-c27cf5a459bb", "object_repr": "Black Pants", "action_flag": 2, "change_message": "[{\"changed\": {\"fields\": [\"Category\"]}}]"}}, {"model": "admin.logentry", "pk": 104, "fields": {"action_time": "2023-03-21T14:29:32.420Z", "user": 1, "content_type": 19, "object_id": "977c42f4-e508-410e-8914-6f21fe5d5491", "object_repr": "Shirt", "action_flag": 2, "change_message": "[{\"changed\": {\"fields\": [\"Category\"]}}]"}}, {"model": "admin.logentry", "pk": 105, "fields": {"action_time": "2023-03-21T14:29:40.151Z", "user": 1, "content_type": 19, "object_id": "a54f55eb-bf69-4a0b-aeef-a0914d8ff17e", "object_repr": "Shirt", "action_flag": 2, "change_message": "[{\"changed\": {\"fields\": [\"Category\"]}}]"}}, {"model": "admin.logentry", "pk": 106, "fields": {"action_time": "2023-03-21T14:29:48.606Z", "user": 1, "content_type": 19, "object_id": "a69b3c96-11f6-487b-84b5-9a8eaf2d0d18", "object_repr": "T-Shirt", "action_flag": 2, "change_message": "[{\"changed\": {\"fields\": [\"Category\"]}}]"}}, {"model": "admin.logentry", "pk": 107, "fields": {"action_time": "2023-03-21T14:29:57.411Z", "user": 1, "content_type": 19, "object_id": "ea6f203a-1862-422b-8a10-800a3df23209", "object_repr": "T-Shirt", "action_flag": 2, "change_message": "[{\"changed\": {\"fields\": [\"Category\"]}}]"}}, {"model": "admin.logentry", "pk": 108, "fields": {"action_time": "2023-03-21T14:30:06.344Z", "user": 1, "content_type": 19, "object_id": "f07f3cc1-fb8e-46d0-a984-c849c5c680d1", "object_repr": "Dress", "action_flag": 2, "change_message": "[{\"changed\": {\"fields\": [\"Category\"]}}]"}}, {"model": "admin.logentry", "pk": 109, "fields": {"action_time": "2023-03-21T14:30:14.441Z", "user": 1, "content_type": 19, "object_id": "fa5c2bc9-f876-4659-b98d-21a897019038", "object_repr": "Shorts", "action_flag": 2, "change_message": "[{\"changed\": {\"fields\": [\"Category\"]}}]"}}, {"model": "admin.logentry", "pk": 110, "fields": {"action_time": "2023-03-21T14:30:21.655Z", "user": 1, "content_type": 19, "object_id": "fdffba32-4c0b-490e-af3e-d18c3f958efc", "object_repr": "Jeans", "action_flag": 2, "change_message": "[{\"changed\": {\"fields\": [\"Category\"]}}]"}}, {"model": "admin.logentry", "pk": 111, "fields": {"action_time": "2023-03-21T14:42:47.995Z", "user": 1, "content_type": 17, "object_id": "6", "object_repr": "women_tops", "action_flag": 2, "change_message": "[{\"changed\": {\"fields\": [\"Friendly name\"]}}]"}}, {"model": "admin.logentry", "pk": 112, "fields": {"action_time": "2023-03-21T14:43:17.230Z", "user": 1, "content_type": 17, "object_id": "13", "object_repr": "kids_dresses_skirts", "action_flag": 2, "change_message": "[{\"changed\": {\"fields\": [\"Friendly name\"]}}]"}}, {"model": "admin.logentry", "pk": 113, "fields": {"action_time": "2023-03-21T14:43:26.329Z", "user": 1, "content_type": 17, "object_id": "12", "object_repr": "kids_t-shirts", "action_flag": 2, "change_message": "[{\"changed\": {\"fields\": [\"Friendly name\"]}}]"}}, {"model": "admin.logentry", "pk": 114, "fields": {"action_time": "2023-03-21T14:43:34.213Z", "user": 1, "content_type": 17, "object_id": "11", "object_repr": "kids_trousers", "action_flag": 2, "change_message": "[{\"changed\": {\"fields\": [\"Friendly name\"]}}]"}}, {"model": "admin.logentry", "pk": 115, "fields": {"action_time": "2023-03-21T14:43:47.947Z", "user": 1, "content_type": 17, "object_id": "10", "object_repr": "men_t-shirts", "action_flag": 2, "change_message": "[{\"changed\": {\"fields\": [\"Friendly name\"]}}]"}}, {"model": "admin.logentry", "pk": 116, "fields": {"action_time": "2023-03-21T14:43:57.690Z", "user": 1, "content_type": 17, "object_id": "9", "object_repr": "men_shirts", "action_flag": 2, "change_message": "[{\"changed\": {\"fields\": [\"Friendly name\"]}}]"}}, {"model": "admin.logentry", "pk": 117, "fields": {"action_time": "2023-03-21T14:44:06.732Z", "user": 1, "content_type": 17, "object_id": "8", "object_repr": "men_jeans", "action_flag": 2, "change_message": "[{\"changed\": {\"fields\": [\"Friendly name\"]}}]"}}, {"model": "admin.logentry", "pk": 118, "fields": {"action_time": "2023-03-21T14:44:16.787Z", "user": 1, "content_type": 17, "object_id": "7", "object_repr": "women_jeans", "action_flag": 2, "change_message": "[{\"changed\": {\"fields\": [\"Friendly name\"]}}]"}}, {"model": "admin.logentry", "pk": 119, "fields": {"action_time": "2023-03-21T14:44:26.651Z", "user": 1, "content_type": 17, "object_id": "5", "object_repr": "women_skirts", "action_flag": 2, "change_message": "[{\"changed\": {\"fields\": [\"Friendly name\"]}}]"}}, {"model": "admin.logentry", "pk": 125, "fields": {"action_time": "2023-03-31T13:53:16.249Z", "user": 6, "content_type": 8, "object_id": "2", "object_repr": "t@t.com", "action_flag": 1, "change_message": "[{\"added\": {}}]"}}, {"model": "admin.logentry", "pk": 126, "fields": {"action_time": "2023-03-31T14:00:02.642Z", "user": 7, "content_type": 4, "object_id": "1", "object_repr": "mario.92", "action_flag": 2, "change_message": "[{\"changed\": {\"fields\": [\"password\"]}}]"}}, {"model": "admin.logentry", "pk": 127, "fields": {"action_time": "2023-04-03T15:02:57.119Z", "user": 1, "content_type": 23, "object_id": "1", "object_repr": "test", "action_flag": 1, "change_message": "[{\"added\": {}}]"}}, {"model": "admin.logentry", "pk": 128, "fields": {"action_time": "2023-04-05T09:47:39.448Z", "user": 1, "content_type": 8, "object_id": "2", "object_repr": "t@t.com", "action_flag": 3, "change_message": ""}}, {"model": "admin.logentry", "pk": 129, "fields": {"action_time": "2023-04-05T09:50:14.768Z", "user": 1, "content_type": 19, "object_id": "8b9e5d3f-8c0c-41e7-ba9d-c27cf5a459bb", "object_repr": "Black Pants", "action_flag": 2, "change_message": "[{\"changed\": {\"fields\": [\"Quantity\"]}}]"}}, {"model": "admin.logentry", "pk": 130, "fields": {"action_time": "2023-04-05T09:50:21.086Z", "user": 1, "content_type": 19, "object_id": "08d80f38-bea6-4ce4-a47d-4f23df8198ac", "object_repr": "T-Shirt", "action_flag": 2, "change_message": "[{\"changed\": {\"fields\": [\"Quantity\"]}}]"}}, {"model": "admin.logentry", "pk": 131, "fields": {"action_time": "2023-04-05T09:50:25.403Z", "user": 1, "content_type": 19, "object_id": "1361d847-43c5-456a-b2c7-cdfc7782e300", "object_repr": "Sleeveless Shirt", "action_flag": 2, "change_message": "[]"}}, {"model": "admin.logentry", "pk": 132, "fields": {"action_time": "2023-04-05T09:50:28.948Z", "user": 1, "content_type": 19, "object_id": "2a5ae5e6-9936-4725-9a47-cca78507737a", "object_repr": "Spider-Man", "action_flag": 2, "change_message": "[]"}}, {"model": "admin.logentry", "pk": 133, "fields": {"action_time": "2023-04-05T09:50:35.465Z", "user": 1, "content_type": 19, "object_id": "4e8d7159-00aa-49ca-8af1-586eb2df6f6c", "object_repr": "Jeans", "action_flag": 2, "change_message": "[{\"changed\": {\"fields\": [\"Quantity\"]}}]"}}, {"model": "admin.logentry", "pk": 134, "fields": {"action_time": "2023-04-05T09:50:40.679Z", "user": 1, "content_type": 19, "object_id": "62a92ce5-f6de-4dcc-bbae-2a63a64dec06", "object_repr": "Car", "action_flag": 2, "change_message": "[]"}}, {"model": "admin.logentry", "pk": 135, "fields": {"action_time": "2023-04-05T09:50:44.798Z", "user": 1, "content_type": 19, "object_id": "6e40ad36-cf52-41ee-821c-03456e14319d", "object_repr": "Shirt", "action_flag": 2, "change_message": "[]"}}, {"model": "admin.logentry", "pk": 136, "fields": {"action_time": "2023-04-05T09:50:49.724Z", "user": 1, "content_type": 19, "object_id": "6e40ad36-cf52-41ee-821c-03456e14319d", "object_repr": "Shirt", "action_flag": 2, "change_message": "[]"}}, {"model": "admin.logentry", "pk": 137, "fields": {"action_time": "2023-04-05T09:50:56.018Z", "user": 1, "content_type": 19, "object_id": "977c42f4-e508-410e-8914-6f21fe5d5491", "object_repr": "Shirt", "action_flag": 2, "change_message": "[]"}}, {"model": "admin.logentry", "pk": 138, "fields": {"action_time": "2023-04-05T09:51:04.407Z", "user": 1, "content_type": 19, "object_id": "a54f55eb-bf69-4a0b-aeef-a0914d8ff17e", "object_repr": "Shirt", "action_flag": 2, "change_message": "[{\"changed\": {\"fields\": [\"Quantity\"]}}]"}}, {"model": "admin.logentry", "pk": 139, "fields": {"action_time": "2023-04-05T09:51:13.588Z", "user": 1, "content_type": 19, "object_id": "a69b3c96-11f6-487b-84b5-9a8eaf2d0d18", "object_repr": "T-Shirt", "action_flag": 2, "change_message": "[{\"changed\": {\"fields\": [\"Quantity\"]}}]"}}, {"model": "admin.logentry", "pk": 140, "fields": {"action_time": "2023-04-05T09:51:21.142Z", "user": 1, "content_type": 19, "object_id": "b3068503-6779-4a38-9db9-5ad88d1acb70", "object_repr": "Hulk", "action_flag": 2, "change_message": "[]"}}, {"model": "admin.logentry", "pk": 141, "fields": {"action_time": "2023-04-05T09:51:26.909Z", "user": 1, "content_type": 19, "object_id": "ea6f203a-1862-422b-8a10-800a3df23209", "object_repr": "T-Shirt", "action_flag": 2, "change_message": "[]"}}, {"model": "admin.logentry", "pk": 142, "fields": {"action_time": "2023-04-05T09:51:32.620Z", "user": 1, "content_type": 19, "object_id": "f07f3cc1-fb8e-46d0-a984-c849c5c680d1", "object_repr": "Dress", "action_flag": 2, "change_message": "[]"}}, {"model": "admin.logentry", "pk": 143, "fields": {"action_time": "2023-04-05T09:51:36.977Z", "user": 1, "content_type": 19, "object_id": "fa5c2bc9-f876-4659-b98d-21a897019038", "object_repr": "Shorts", "action_flag": 2, "change_message": "[]"}}, {"model": "admin.logentry", "pk": 144, "fields": {"action_time": "2023-04-05T09:51:42.181Z", "user": 1, "content_type": 19, "object_id": "fdffba32-4c0b-490e-af3e-d18c3f958efc", "object_repr": "Jeans", "action_flag": 2, "change_message": "[]"}}, {"model": "auth.permission", "pk": 1, "fields": {"name": "Can add log entry", "content_type": 1, "codename": "add_logentry"}}, {"model": "auth.permission", "pk": 2, "fields": {"name": "Can change log entry", "content_type": 1, "codename": "change_logentry"}}, {"model": "auth.permission", "pk": 3, "fields": {"name": "Can delete log entry", "content_type": 1, "codename": "delete_logentry"}}, {"model": "auth.permission", "pk": 4, "fields": {"name": "Can view log entry", "content_type": 1, "codename": "view_logentry"}}, {"model": "auth.permission", "pk": 5, "fields": {"name": "Can add permission", "content_type": 2, "codename": "add_permission"}}, {"model": "auth.permission", "pk": 6, "fields": {"name": "Can change permission", "content_type": 2, "codename": "change_permission"}}, {"model": "auth.permission", "pk": 7, "fields": {"name": "Can delete permission", "content_type": 2, "codename": "delete_permission"}}, {"model": "auth.permission", "pk": 8, "fields": {"name": "Can view permission", "content_type": 2, "codename": "view_permission"}}, {"model": "auth.permission", "pk": 9, "fields": {"name": "Can add group", "content_type": 3, "codename": "add_group"}}, {"model": "auth.permission", "pk": 10, "fields": {"name": "Can change group", "content_type": 3, "codename": "change_group"}}, {"model": "auth.permission", "pk": 11, "fields": {"name": "Can delete group", "content_type": 3, "codename": "delete_group"}}, {"model": "auth.permission", "pk": 12, "fields": {"name": "Can view group", "content_type": 3, "codename": "view_group"}}, {"model": "auth.permission", "pk": 13, "fields": {"name": "Can add user", "content_type": 4, "codename": "add_user"}}, {"model": "auth.permission", "pk": 14, "fields": {"name": "Can change user", "content_type": 4, "codename": "change_user"}}, {"model": "auth.permission", "pk": 15, "fields": {"name": "Can delete user", "content_type": 4, "codename": "delete_user"}}, {"model": "auth.permission", "pk": 16, "fields": {"name": "Can view user", "content_type": 4, "codename": "view_user"}}, {"model": "auth.permission", "pk": 17, "fields": {"name": "Can add content type", "content_type": 5, "codename": "add_contenttype"}}, {"model": "auth.permission", "pk": 18, "fields": {"name": "Can change content type", "content_type": 5, "codename": "change_contenttype"}}, {"model": "auth.permission", "pk": 19, "fields": {"name": "Can delete content type", "content_type": 5, "codename": "delete_contenttype"}}, {"model": "auth.permission", "pk": 20, "fields": {"name": "Can view content type", "content_type": 5, "codename": "view_contenttype"}}, {"model": "auth.permission", "pk": 21, "fields": {"name": "Can add session", "content_type": 6, "codename": "add_session"}}, {"model": "auth.permission", "pk": 22, "fields": {"name": "Can change session", "content_type": 6, "codename": "change_session"}}, {"model": "auth.permission", "pk": 23, "fields": {"name": "Can delete session", "content_type": 6, "codename": "delete_session"}}, {"model": "auth.permission", "pk": 24, "fields": {"name": "Can view session", "content_type": 6, "codename": "view_session"}}, {"model": "auth.permission", "pk": 25, "fields": {"name": "Can add site", "content_type": 7, "codename": "add_site"}}, {"model": "auth.permission", "pk": 26, "fields": {"name": "Can change site", "content_type": 7, "codename": "change_site"}}, {"model": "auth.permission", "pk": 27, "fields": {"name": "Can delete site", "content_type": 7, "codename": "delete_site"}}, {"model": "auth.permission", "pk": 28, "fields": {"name": "Can view site", "content_type": 7, "codename": "view_site"}}, {"model": "auth.permission", "pk": 29, "fields": {"name": "Can add email address", "content_type": 8, "codename": "add_emailaddress"}}, {"model": "auth.permission", "pk": 30, "fields": {"name": "Can change email address", "content_type": 8, "codename": "change_emailaddress"}}, {"model": "auth.permission", "pk": 31, "fields": {"name": "Can delete email address", "content_type": 8, "codename": "delete_emailaddress"}}, {"model": "auth.permission", "pk": 32, "fields": {"name": "Can view email address", "content_type": 8, "codename": "view_emailaddress"}}, {"model": "auth.permission", "pk": 33, "fields": {"name": "Can add email confirmation", "content_type": 9, "codename": "add_emailconfirmation"}}, {"model": "auth.permission", "pk": 34, "fields": {"name": "Can change email confirmation", "content_type": 9, "codename": "change_emailconfirmation"}}, {"model": "auth.permission", "pk": 35, "fields": {"name": "Can delete email confirmation", "content_type": 9, "codename": "delete_emailconfirmation"}}, {"model": "auth.permission", "pk": 36, "fields": {"name": "Can view email confirmation", "content_type": 9, "codename": "view_emailconfirmation"}}, {"model": "auth.permission", "pk": 37, "fields": {"name": "Can add social account", "content_type": 10, "codename": "add_socialaccount"}}, {"model": "auth.permission", "pk": 38, "fields": {"name": "Can change social account", "content_type": 10, "codename": "change_socialaccount"}}, {"model": "auth.permission", "pk": 39, "fields": {"name": "Can delete social account", "content_type": 10, "codename": "delete_socialaccount"}}, {"model": "auth.permission", "pk": 40, "fields": {"name": "Can view social account", "content_type": 10, "codename": "view_socialaccount"}}, {"model": "auth.permission", "pk": 41, "fields": {"name": "Can add social application", "content_type": 11, "codename": "add_socialapp"}}, {"model": "auth.permission", "pk": 42, "fields": {"name": "Can change social application", "content_type": 11, "codename": "change_socialapp"}}, {"model": "auth.permission", "pk": 43, "fields": {"name": "Can delete social application", "content_type": 11, "codename": "delete_socialapp"}}, {"model": "auth.permission", "pk": 44, "fields": {"name": "Can view social application", "content_type": 11, "codename": "view_socialapp"}}, {"model": "auth.permission", "pk": 45, "fields": {"name": "Can add social application token", "content_type": 12, "codename": "add_socialtoken"}}, {"model": "auth.permission", "pk": 46, "fields": {"name": "Can change social application token", "content_type": 12, "codename": "change_socialtoken"}}, {"model": "auth.permission", "pk": 47, "fields": {"name": "Can delete social application token", "content_type": 12, "codename": "delete_socialtoken"}}, {"model": "auth.permission", "pk": 48, "fields": {"name": "Can view social application token", "content_type": 12, "codename": "view_socialtoken"}}, {"model": "auth.permission", "pk": 49, "fields": {"name": "Can add kids age", "content_type": 13, "codename": "add_kidsage"}}, {"model": "auth.permission", "pk": 50, "fields": {"name": "Can change kids age", "content_type": 13, "codename": "change_kidsage"}}, {"model": "auth.permission", "pk": 51, "fields": {"name": "Can delete kids age", "content_type": 13, "codename": "delete_kidsage"}}, {"model": "auth.permission", "pk": 52, "fields": {"name": "Can view kids age", "content_type": 13, "codename": "view_kidsage"}}, {"model": "auth.permission", "pk": 53, "fields": {"name": "Can add size", "content_type": 14, "codename": "add_size"}}, {"model": "auth.permission", "pk": 54, "fields": {"name": "Can change size", "content_type": 14, "codename": "change_size"}}, {"model": "auth.permission", "pk": 55, "fields": {"name": "Can delete size", "content_type": 14, "codename": "delete_size"}}, {"model": "auth.permission", "pk": 56, "fields": {"name": "Can view size", "content_type": 14, "codename": "view_size"}}, {"model": "auth.permission", "pk": 57, "fields": {"name": "Can add clothes type", "content_type": 15, "codename": "add_clothestype"}}, {"model": "auth.permission", "pk": 58, "fields": {"name": "Can change clothes type", "content_type": 15, "codename": "change_clothestype"}}, {"model": "auth.permission", "pk": 59, "fields": {"name": "Can delete clothes type", "content_type": 15, "codename": "delete_clothestype"}}, {"model": "auth.permission", "pk": 60, "fields": {"name": "Can view clothes type", "content_type": 15, "codename": "view_clothestype"}}, {"model": "auth.permission", "pk": 61, "fields": {"name": "Can add colour", "content_type": 16, "codename": "add_colour"}}, {"model": "auth.permission", "pk": 62, "fields": {"name": "Can change colour", "content_type": 16, "codename": "change_colour"}}, {"model": "auth.permission", "pk": 63, "fields": {"name": "Can delete colour", "content_type": 16, "codename": "delete_colour"}}, {"model": "auth.permission", "pk": 64, "fields": {"name": "Can view colour", "content_type": 16, "codename": "view_colour"}}, {"model": "auth.permission", "pk": 65, "fields": {"name": "Can add category", "content_type": 17, "codename": "add_category"}}, {"model": "auth.permission", "pk": 66, "fields": {"name": "Can change category", "content_type": 17, "codename": "change_category"}}, {"model": "auth.permission", "pk": 67, "fields": {"name": "Can delete category", "content_type": 17, "codename": "delete_category"}}, {"model": "auth.permission", "pk": 68, "fields": {"name": "Can view category", "content_type": 17, "codename": "view_category"}}, {"model": "auth.permission", "pk": 69, "fields": {"name": "Can add brand or author", "content_type": 18, "codename": "add_brandorauthor"}}, {"model": "auth.permission", "pk": 70, "fields": {"name": "Can change brand or author", "content_type": 18, "codename": "change_brandorauthor"}}, {"model": "auth.permission", "pk": 71, "fields": {"name": "Can delete brand or author", "content_type": 18, "codename": "delete_brandorauthor"}}, {"model": "auth.permission", "pk": 72, "fields": {"name": "Can view brand or author", "content_type": 18, "codename": "view_brandorauthor"}}, {"model": "auth.permission", "pk": 73, "fields": {"name": "Can add item", "content_type": 19, "codename": "add_item"}}, {"model": "auth.permission", "pk": 74, "fields": {"name": "Can change item", "content_type": 19, "codename": "change_item"}}, {"model": "auth.permission", "pk": 75, "fields": {"name": "Can delete item", "content_type": 19, "codename": "delete_item"}}, {"model": "auth.permission", "pk": 76, "fields": {"name": "Can view item", "content_type": 19, "codename": "view_item"}}, {"model": "auth.permission", "pk": 77, "fields": {"name": "Can add order", "content_type": 20, "codename": "add_order"}}, {"model": "auth.permission", "pk": 78, "fields": {"name": "Can change order", "content_type": 20, "codename": "change_order"}}, {"model": "auth.permission", "pk": 79, "fields": {"name": "Can delete order", "content_type": 20, "codename": "delete_order"}}, {"model": "auth.permission", "pk": 80, "fields": {"name": "Can view order", "content_type": 20, "codename": "view_order"}}, {"model": "auth.permission", "pk": 81, "fields": {"name": "Can add order line item", "content_type": 21, "codename": "add_orderlineitem"}}, {"model": "auth.permission", "pk": 82, "fields": {"name": "Can change order line item", "content_type": 21, "codename": "change_orderlineitem"}}, {"model": "auth.permission", "pk": 83, "fields": {"name": "Can delete order line item", "content_type": 21, "codename": "delete_orderlineitem"}}, {"model": "auth.permission", "pk": 84, "fields": {"name": "Can view order line item", "content_type": 21, "codename": "view_orderlineitem"}}, {"model": "auth.permission", "pk": 85, "fields": {"name": "Can add user profile", "content_type": 22, "codename": "add_userprofile"}}, {"model": "auth.permission", "pk": 86, "fields": {"name": "Can change user profile", "content_type": 22, "codename": "change_userprofile"}}, {"model": "auth.permission", "pk": 87, "fields": {"name": "Can delete user profile", "content_type": 22, "codename": "delete_userprofile"}}, {"model": "auth.permission", "pk": 88, "fields": {"name": "Can view user profile", "content_type": 22, "codename": "view_userprofile"}}, {"model": "auth.permission", "pk": 89, "fields": {"name": "Can add blog post", "content_type": 23, "codename": "add_blogpost"}}, {"model": "auth.permission", "pk": 90, "fields": {"name": "Can change blog post", "content_type": 23, "codename": "change_blogpost"}}, {"model": "auth.permission", "pk": 91, "fields": {"name": "Can delete blog post", "content_type": 23, "codename": "delete_blogpost"}}, {"model": "auth.permission", "pk": 92, "fields": {"name": "Can view blog post", "content_type": 23, "codename": "view_blogpost"}}, {"model": "auth.permission", "pk": 93, "fields": {"name": "Can add attachment", "content_type": 24, "codename": "add_attachment"}}, {"model": "auth.permission", "pk": 94, "fields": {"name": "Can change attachment", "content_type": 24, "codename": "change_attachment"}}, {"model": "auth.permission", "pk": 95, "fields": {"name": "Can delete attachment", "content_type": 24, "codename": "delete_attachment"}}, {"model": "auth.permission", "pk": 96, "fields": {"name": "Can view attachment", "content_type": 24, "codename": "view_attachment"}}, {"model": "auth.permission", "pk": 97, "fields": {"name": "Can add review", "content_type": 25, "codename": "add_review"}}, {"model": "auth.permission", "pk": 98, "fields": {"name": "Can change review", "content_type": 25, "codename": "change_review"}}, {"model": "auth.permission", "pk": 99, "fields": {"name": "Can delete review", "content_type": 25, "codename": "delete_review"}}, {"model": "auth.permission", "pk": 100, "fields": {"name": "Can view review", "content_type": 25, "codename": "view_review"}}, {"model": "auth.permission", "pk": 101, "fields": {"name": "Can add donation", "content_type": 26, "codename": "add_donation"}}, {"model": "auth.permission", "pk": 102, "fields": {"name": "Can change donation", "content_type": 26, "codename": "change_donation"}}, {"model": "auth.permission", "pk": 103, "fields": {"name": "Can delete donation", "content_type": 26, "codename": "delete_donation"}}, {"model": "auth.permission", "pk": 104, "fields": {"name": "Can view donation", "content_type": 26, "codename": "view_donation"}}, {"model": "auth.user", "pk": 1, "fields": {"password": "pbkdf2_sha256$260000$iuc9O9x1jOWviIxszcDdqP$WDG+kvz/ebMkj7Vbqb39h7pCWEABXhB7/Oxd/9BwZHI=", "last_login": "2023-04-11T14:09:04.932Z", "is_superuser": true, "username": "mario.92", "first_name": "", "last_name": "", "email": "mario.castaldo1992@gmail.com", "is_staff": true, "is_active": true, "date_joined": "2023-03-16T16:21:14.729Z", "groups": [], "user_permissions": []}}, {"model": "auth.user", "pk": 6, "fields": {"password": "pbkdf2_sha256$260000$oN0xUlEhy93ORnko98Wnle$De/YwW2+fnppMG3yk+TKak6qBslAQ1HstlnD2y2b4PY=", "last_login": "2023-03-31T13:52:22.375Z", "is_superuser": true, "username": "Jason", "first_name": "", "last_name": "", "email": "", "is_staff": true, "is_active": true, "date_joined": "2023-03-31T13:51:55.482Z", "groups": [], "user_permissions": []}}, {"model": "auth.user", "pk": 7, "fields": {"password": "pbkdf2_sha256$260000$CbbtUPrzl48xSO80auCkN4$YjPC2BwKS3lF0GSOeKiLjqZpzfVpbI+tQtU/rC9EANY=", "last_login": "2023-03-31T13:59:42.615Z", "is_superuser": true, "username": "mario10", "first_name": "", "last_name": "", "email": "mario@gmail.it", "is_staff": true, "is_active": true, "date_joined": "2023-03-31T13:59:16.187Z", "groups": [], "user_permissions": []}}, {"model": "contenttypes.contenttype", "pk": 1, "fields": {"app_label": "admin", "model": "logentry"}}, {"model": "contenttypes.contenttype", "pk": 2, "fields": {"app_label": "auth", "model": "permission"}}, {"model": "contenttypes.contenttype", "pk": 3, "fields": {"app_label": "auth", "model": "group"}}, {"model": "contenttypes.contenttype", "pk": 4, "fields": {"app_label": "auth", "model": "user"}}, {"model": "contenttypes.contenttype", "pk": 5, "fields": {"app_label": "contenttypes", "model": "contenttype"}}, {"model": "contenttypes.contenttype", "pk": 6, "fields": {"app_label": "sessions", "model": "session"}}, {"model": "contenttypes.contenttype", "pk": 7, "fields": {"app_label": "sites", "model": "site"}}, {"model": "contenttypes.contenttype", "pk": 8, "fields": {"app_label": "account", "model": "emailaddress"}}, {"model": "contenttypes.contenttype", "pk": 9, "fields": {"app_label": "account", "model": "emailconfirmation"}}, {"model": "contenttypes.contenttype", "pk": 10, "fields": {"app_label": "socialaccount", "model": "socialaccount"}}, {"model": "contenttypes.contenttype", "pk": 11, "fields": {"app_label": "socialaccount", "model": "socialapp"}}, {"model": "contenttypes.contenttype", "pk": 12, "fields": {"app_label": "socialaccount", "model": "socialtoken"}}, {"model": "contenttypes.contenttype", "pk": 13, "fields": {"app_label": "items", "model": "kidsage"}}, {"model": "contenttypes.contenttype", "pk": 14, "fields": {"app_label": "items", "model": "size"}}, {"model": "contenttypes.contenttype", "pk": 15, "fields": {"app_label": "items", "model": "clothestype"}}, {"model": "contenttypes.contenttype", "pk": 16, "fields": {"app_label": "items", "model": "colour"}}, {"model": "contenttypes.contenttype", "pk": 17, "fields": {"app_label": "items", "model": "category"}}, {"model": "contenttypes.contenttype", "pk": 18, "fields": {"app_label": "items", "model": "brandorauthor"}}, {"model": "contenttypes.contenttype", "pk": 19, "fields": {"app_label": "items", "model": "item"}}, {"model": "contenttypes.contenttype", "pk": 20, "fields": {"app_label": "checkout", "model": "order"}}, {"model": "contenttypes.contenttype", "pk": 21, "fields": {"app_label": "checkout", "model": "orderlineitem"}}, {"model": "contenttypes.contenttype", "pk": 22, "fields": {"app_label": "profiles", "model": "userprofile"}}, {"model": "contenttypes.contenttype", "pk": 23, "fields": {"app_label": "blog", "model": "blogpost"}}, {"model": "contenttypes.contenttype", "pk": 24, "fields": {"app_label": "django_summernote", "model": "attachment"}}, {"model": "contenttypes.contenttype", "pk": 25, "fields": {"app_label": "reviews", "model": "review"}}, {"model": "contenttypes.contenttype", "pk": 26, "fields": {"app_label": "donations", "model": "donation"}}, {"model": "sessions.session", "pk": "0xss5gds2oe3wpvpzqz7ojzi3lqkfyu0", "fields": {"session_data": "e30:1piF41:I0yJ7YmxQn3Rxsfa8NOfS8EqMY-ThqXEGL5paHjW1hU", "expire_date": "2023-04-14T13:45:09.434Z"}}, {"model": "sessions.session", "pk": "2tt4uxv6y78vq6w0pc09ckl8qzgtex20", "fields": {"session_data": "e30:1piEwJ:jxGAvSIGTYscDOXTvXiU0j3FonI8QNytlLzbKQE92N4", "expire_date": "2023-04-14T13:37:11.175Z"}}, {"model": "sessions.session", "pk": "6dy41rde46n4yjmr8e69li876k2pz0l1", "fields": {"session_data": "e30:1piEwz:-TQBiWNgVzIWRayVhBhnUM8fU2U61GIAMX3yfl6gFvs", "expire_date": "2023-04-14T13:37:53.173Z"}}, {"model": "sessions.session", "pk": "7uckne9yy1ajls3ekk1qzjhfxs6qntut", "fields": {"session_data": ".eJxVjMEOgyAQBf-FsyEiC6LH3vsNZFdAaRtoRJM2xn9vTTy01zfzZmMW12Wya_GzjY71TLDqdyMc7j4dwN0wjZkPOS1zJH4o_KSFX7Pzj8vp_gUmLNP3HTSgk8brFpxBjUYqqAV26FUDIkgyBJoAQmdqEiFI2VBoDSmjgVrlj2jxpcScrH894_xmfV0xwpH1275_AMO-Qbs:1pf0kK:5HdwxFQ1_ASzTGcVPnAnszt9lAafHS7FgOu4wis0SyQ", "expire_date": "2023-04-05T15:51:28.592Z"}}, {"model": "sessions.session", "pk": "az8tok99wb7ooru22mmtg5l8ljfcjo9o", "fields": {"session_data": "e30:1piFCj:3DbjI4Wecp5Iuljepuhy90sxqxxsUUjrv3BV51ZOKII", "expire_date": "2023-04-14T13:54:09.671Z"}}, {"model": "sessions.session", "pk": "b5eqjr456why3sf0goi8x9ez42v93hn8", "fields": {"session_data": ".eJxVjEEOwiAQRe_C2hCgnQa7dO8ZCDAzFjVgoE00xrvbJl3o9r33_1s4v8yTWxpVl1CMQovDLws-3ihvAq8-X4qMJc81BbklcrdNngvS_bS3fweTb9O6NuAB2EdlwfZou6AiDZp7pVBjMAMZ1fPKterYRkbgyBTIAlDw5jhsp41aSyU7ej5SfYlRfb6eUj_G:1piFD0:Ew80I8Mja4cAYYhD6JxYeFlmjm7OnzeLEuzV6vSy7_Q", "expire_date": "2023-04-14T13:54:26.478Z"}}, {"model": "sessions.session", "pk": "c1pl6vrg8qf16gk186frbx7apj6oytog", "fields": {"session_data": ".eJxVjMsOwiAQRf-FtSFMKQ9duu83kBlgpGogKe3K-O_apAvd3nPOfYmA21rC1vMS5iQuAsTpdyOMj1x3kO5Yb03GVtdlJrkr8qBdTi3l5_Vw_w4K9vKtvbMG9BmYrFWGlIrIPJgxa4sePKlxwASWALS3icGrbJxjZpNRsdfi_QHCrDdt:1pmEgC:kjVNmaxByy7JwxA0R1RjouszwBpJcafxiXHgjftX8CE", "expire_date": "2023-04-25T14:09:04.942Z"}}, {"model": "sessions.session", "pk": "cgk0b0a5u933673esjqaepyb1a4ybhew", "fields": {"session_data": "e30:1piF1N:e_KiksHzDo8sPkx_D6ClO6WzXj18EB8WhUU6IAJeW-g", "expire_date": "2023-04-14T13:42:25.226Z"}}, {"model": "sessions.session", "pk": "lp0lj9ggjce7rzdm7wmksn68wn82504n", "fields": {"session_data": "e30:1phuXF:hG1ZVuJXhsHcCjYMK1RN1dLsKjL-_fEguHXQj7vJ_fk", "expire_date": "2023-04-13T15:49:57.888Z"}}, {"model": "sessions.session", "pk": "ml1mnlhb2w42tsy8y40jbucc97dwsvj5", "fields": {"session_data": ".eJxVjEtuwzAMBe-itWXoS9Nedt8zGJRIJm4Lu7ASoEWQuzdGs2i3b-bNzcx0vZzna5N9XthMxpvu71aovst6AH6j9bT1dVsv-1L6Q-mftPWvG8vHy9P9FzhTOz_eOED2cfRaAFwuzlVSDTlJBEKPxaVA7KF4HxFYPTrJw6CqWcgpxiPapLVlW2f5-lz2bzO5zhQ6melmkiAPPo_WOSKbxkoWSb3NCFICKyhUM_nOOGR0GtEWIbCpSrKUBrZJQ2RFPyL9ihBoDFWyVWCxiWu1pZDYQBAJEkt18BDv9x9W32Ih:1pmDsf:qw_NiGWppVitDJP7jmDPqsE-1IG44R5cTgHc7pKQsiA", "expire_date": "2023-04-25T13:17:53.143Z"}}, {"model": "sessions.session", "pk": "n8qp29jt8zfxx21jqm95opkzp690hw16", "fields": {"session_data": ".eJxVjMsOwiAUBf-FtSGAPMSl-34DuQ-QqqFJaVfGf7dNutDtzJzzFgnWpaa15zmNLK7CitMvQ6BnbrvgB7T7JGlqyzyi3BN52C6HifPrdrR_BxV63dYFzsFbyyp7Tei4cPRoTCBFljcKHFyIRV0QnbYBGYqLBg0ZFbXTID5f_t04VQ:1phuql:Bou5goJXNvcaBhBzs_EJiexMaNrpkWqrTW02SZYkkoE", "expire_date": "2023-04-13T16:10:07.081Z"}}, {"model": "sessions.session", "pk": "qnvi4hs1gci62j19aksrd7bm1i6dnvt7", "fields": {"session_data": "e30:1piEyl:qszeBTPYKP-kjuutA_zdO1KVqyekMT2Du9zGmi2Klfc", "expire_date": "2023-04-14T13:39:43.745Z"}}, {"model": "sessions.session", "pk": "s22btdibf1zq1mxrlrolg45xu2fujj0m", "fields": {"session_data": "e30:1piEwk:jjx7nLa-Zfvm7eKcJs6mAgqGfeQtLWO3ZX4qjS7aKJg", "expire_date": "2023-04-14T13:37:38.022Z"}}, {"model": "sessions.session", "pk": "s9hm623lhe3dotcsy9718sz0s1mbjxcz", "fields": {"session_data": "e30:1piExi:nJ2yTo37Ia4TrNDhmhNdWWD6mKm46ZP91ABdSmMHFdE", "expire_date": "2023-04-14T13:38:38.058Z"}}, {"model": "sessions.session", "pk": "t5o3x9kjsyxu2rf0pne9hirkc2uj8wnk", "fields": {"session_data": "e30:1piExt:iLkX7MKo06d2m-8tkeNSCuFAjSV6EsbS0DfsyuxBCxI", "expire_date": "2023-04-14T13:38:49.927Z"}}, {"model": "sessions.session", "pk": "v6xzh1v6xr39lb3vsc7nukttsarn0q3p", "fields": {"session_data": ".eJxVjEEOwiAQRe_C2hCmFIpduvcMZCgzFjXQlDbRGO-uTbrQ7X_vv5fwuC6jXyvNPkXRCxCH3y3gcKO8gXjFfClyKHmZU5CbInda5blEup929y8wYh2_b9dZA_oIHKxVJig1IHNjWtIWHbig2gYj2ACgnY0MTpHpOmY2hIqd3qKVak0le3pMaX6KXr0_YYY-qg:1pjLjW:M5rb_bWgqwIwx_NjOnJe8q0DSCKH7HtEtLbli-rDIEw", "expire_date": "2023-04-17T15:04:34.722Z"}}, {"model": "sessions.session", "pk": "wgknlvdyyugtjsc4q8bs95ilzbxzggcn", "fields": {"session_data": "e30:1piF24:S5it8UHMwKBZZdW_k1-vYqQWosq0isRewG4JMS_2KcE", "expire_date": "2023-04-14T13:43:08.171Z"}}, {"model": "sites.site", "pk": 1, "fields": {"domain": "JordaanVintage&Charityexample.com", "name": "JordaanVintage&Charityexample.com"}}, {"model": "account.emailaddress", "pk": 1, "fields": {"user": 1, "email": "mario.castaldo1992@gmail.com", "verified": true, "primary": true}}, {"model": "items.category", "pk": 1, "fields": {"name": "Men", "friendly_name": "men"}}, {"model": "items.category", "pk": 2, "fields": {"name": "Women", "friendly_name": "women"}}, {"model": "items.category", "pk": 3, "fields": {"name": "Kids", "friendly_name": "kids"}}, {"model": "items.category", "pk": 4, "fields": {"name": "Toys", "friendly_name": "toys"}}, {"model": "items.category", "pk": 5, "fields": {"name": "women_skirts", "friendly_name": "Women's Skirts"}}, {"model": "items.category", "pk": 6, "fields": {"name": "women_tops", "friendly_name": "Women Tops"}}, {"model": "items.category", "pk": 7, "fields": {"name": "women_jeans", "friendly_name": "Women's Jeans"}}, {"model": "items.category", "pk": 8, "fields": {"name": "men_jeans", "friendly_name": "Men's Jeans"}}, {"model": "items.category", "pk": 9, "fields": {"name": "men_shirts", "friendly_name": "Men's Shirts"}}, {"model": "items.category", "pk": 10, "fields": {"name": "men_t-shirts", "friendly_name": "Men's T-Shirts"}}, {"model": "items.category", "pk": 11, "fields": {"name": "kids_trousers", "friendly_name": "Kids Trousers"}}, {"model": "items.category", "pk": 12, "fields": {"name": "kids_t-shirts", "friendly_name": "Kids T-Shirts"}}, {"model": "items.category", "pk": 13, "fields": {"name": "kids_dresses_skirts", "friendly_name": "Kids Dresses & Skirts"}}, {"model": "items.brandorauthor", "pk": 1, "fields": {"brand": "H&M"}}, {"model": "items.brandorauthor", "pk": 2, "fields": {"brand": "Zara"}}, {"model": "items.brandorauthor", "pk": 3, "fields": {"brand": "Mango"}}, {"model": "items.brandorauthor", "pk": 4, "fields": {"brand": "Primark"}}, {"model": "items.brandorauthor", "pk": 5, "fields": {"brand": "Pull&Bear"}}, {"model": "items.colour", "pk": 1, "fields": {"colour": "Black"}}, {"model": "items.colour", "pk": 2, "fields": {"colour": "White"}}, {"model": "items.colour", "pk": 3, "fields": {"colour": "Blue"}}, {"model": "items.colour", "pk": 4, "fields": {"colour": "Green"}}, {"model": "items.colour", "pk": 5, "fields": {"colour": "Yellow"}}, {"model": "items.colour", "pk": 6, "fields": {"colour": "Red"}}, {"model": "items.colour", "pk": 7, "fields": {"colour": "Pink"}}, {"model": "items.colour", "pk": 8, "fields": {"colour": "Denim"}}, {"model": "items.clothestype", "pk": 1, "fields": {"clothes": "t-shirt"}}, {"model": "items.clothestype", "pk": 2, "fields": {"clothes": "jeans"}}, {"model": "items.clothestype", "pk": 3, "fields": {"clothes": "shirts"}}, {"model": "items.clothestype", "pk": 4, "fields": {"clothes": "dresses & skirts"}}, {"model": "items.clothestype", "pk": 5, "fields": {"clothes": "trousers"}}, {"model": "items.clothestype", "pk": 6, "fields": {"clothes": "skirts"}}, {"model": "items.clothestype", "pk": 7, "fields": {"clothes": "tops"}}, {"model": "items.clothestype", "pk": 8, "fields": {"clothes": "toys"}}, {"model": "items.size", "pk": 1, "fields": {"size": "S"}}, {"model": "items.size", "pk": 2, "fields": {"size": "M"}}, {"model": "items.size", "pk": 3, "fields": {"size": "L"}}, {"model": "items.size", "pk": 4, "fields": {"size": "XL"}}, {"model": "items.size", "pk": 5, "fields": {"size": "XXL"}}, {"model": "items.kidsage", "pk": 1, "fields": {"kids_age": "1"}}, {"model": "items.kidsage", "pk": 2, "fields": {"kids_age": "2"}}, {"model": "items.kidsage", "pk": 3, "fields": {"kids_age": "3"}}, {"model": "items.kidsage", "pk": 4, "fields": {"kids_age": "4"}}, {"model": "items.kidsage", "pk": 5, "fields": {"kids_age": "5"}}, {"model": "items.kidsage", "pk": 6, "fields": {"kids_age": "6"}}, {"model": "items.kidsage", "pk": 7, "fields": {"kids_age": "7"}}, {"model": "items.kidsage", "pk": 8, "fields": {"kids_age": "8"}}, {"model": "items.kidsage", "pk": 9, "fields": {"kids_age": "9"}}, {"model": "items.kidsage", "pk": 10, "fields": {"kids_age": "10"}}, {"model": "items.kidsage", "pk": 11, "fields": {"kids_age": "12"}}, {"model": "items.kidsage", "pk": 13, "fields": {"kids_age": "11"}}, {"model": "items.item", "pk": "08d80f38-bea6-4ce4-a47d-4f23df8198ac", "fields": {"category": 10, "name": "T-Shirt", "clothes_type": 1, "men_women_children": "men", "size": 1, "kids_age": null, "colour": 2, "brand_or_author": 2, "description": "White T-Shirt", "price": "6.99", "quality": "Like New", "image_url": null, "image": "0900631B818ABCB9M_k9hakQu.jpg", "quantity": 1}}, {"model": "items.item", "pk": "1361d847-43c5-456a-b2c7-cdfc7782e300", "fields": {"category": 10, "name": "Sleeveless Shirt", "clothes_type": 1, "men_women_children": "men", "size": 2, "kids_age": null, "colour": 2, "brand_or_author": 1, "description": "Sleeveless Shirt", "price": "4.99", "quality": "Very Good", "image_url": null, "image": "0900631B81C9387BM_ZChxa3Y.jpg", "quantity": 1}}, {"model": "items.item", "pk": "2a5ae5e6-9936-4725-9a47-cca78507737a", "fields": {"category": 4, "name": "Spider-Man", "clothes_type": 8, "men_women_children": "na", "size": null, "kids_age": null, "colour": null, "brand_or_author": null, "description": "Spider-Man puppet", "price": "3.99", "quality": "In very good conditions", "image_url": null, "image": "DP0807201317072924M_im7SbRq.jpg", "quantity": 1}}, {"model": "items.item", "pk": "4e8d7159-00aa-49ca-8af1-586eb2df6f6c", "fields": {"category": 7, "name": "Jeans", "clothes_type": 2, "men_women_children": "women", "size": 2, "kids_age": null, "colour": 8, "brand_or_author": 3, "description": "Denim Jeans", "price": "9.99", "quality": "In very good conditions", "image_url": null, "image": "DP0113201523230512M_F9FAEjL.jpg", "quantity": 1}}, {"model": "items.item", "pk": "62a92ce5-f6de-4dcc-bbae-2a63a64dec06", "fields": {"category": 4, "name": "Car", "clothes_type": 8, "men_women_children": "na", "size": null, "kids_age": null, "colour": null, "brand_or_author": null, "description": "Car puppet", "price": "3.99", "quality": "Like New", "image_url": null, "image": "DP1015201417131329M_WrmHNO6.jpg", "quantity": 1}}, {"model": "items.item", "pk": "6e40ad36-cf52-41ee-821c-03456e14319d", "fields": {"category": 6, "name": "Shirt", "clothes_type": 7, "men_women_children": "women", "size": 1, "kids_age": null, "colour": 7, "brand_or_author": 2, "description": "Pink Shirt", "price": "6.99", "quality": "In very good conditions", "image_url": null, "image": "DP0216201620424511C_paf3sv4.jpg", "quantity": 1}}, {"model": "items.item", "pk": "8b9e5d3f-8c0c-41e7-ba9d-c27cf5a459bb", "fields": {"category": 7, "name": "Black Pants", "clothes_type": 2, "men_women_children": "women", "size": 1, "kids_age": null, "colour": 1, "brand_or_author": 3, "description": "Black pants", "price": "11.99", "quality": "Very Good", "image_url": null, "image": "DP0113201617034987M_GiDgF6L.jpg", "quantity": 1}}, {"model": "items.item", "pk": "977c42f4-e508-410e-8914-6f21fe5d5491", "fields": {"category": 9, "name": "Shirt", "clothes_type": 3, "men_women_children": "men", "size": 3, "kids_age": null, "colour": 1, "brand_or_author": 5, "description": "Black shirt with flowers", "price": "7.99", "quality": "Very Good", "image_url": null, "image": "DP0218201621532296C_1S3ReiD.jpg", "quantity": 1}}, {"model": "items.item", "pk": "a54f55eb-bf69-4a0b-aeef-a0914d8ff17e", "fields": {"category": 6, "name": "Shirt", "clothes_type": 3, "men_women_children": "women", "size": 3, "kids_age": null, "colour": 3, "brand_or_author": 3, "description": "Blue Shirt", "price": "6.99", "quality": "In very good conditions", "image_url": null, "image": "DP0224201620571013C_pfeyAzY.jpg", "quantity": 1}}, {"model": "items.item", "pk": "a69b3c96-11f6-487b-84b5-9a8eaf2d0d18", "fields": {"category": 10, "name": "T-Shirt", "clothes_type": 1, "men_women_children": "men", "size": 2, "kids_age": null, "colour": 1, "brand_or_author": 1, "description": "T-Shirt", "price": "5.99", "quality": "Used but Good", "image_url": null, "image": "DP1124201517014225M_lIOXkxh.jpg", "quantity": 1}}, {"model": "items.item", "pk": "b3068503-6779-4a38-9db9-5ad88d1acb70", "fields": {"category": 4, "name": "Hulk", "clothes_type": 8, "men_women_children": "na", "size": null, "kids_age": null, "colour": null, "brand_or_author": null, "description": "Hulk Puppet", "price": "3.99", "quality": "Like New", "image_url": null, "image": "DP0807201317072274M_ADEEXzF.jpg", "quantity": 1}}, {"model": "items.item", "pk": "ea6f203a-1862-422b-8a10-800a3df23209", "fields": {"category": 12, "name": "T-Shirt", "clothes_type": 1, "men_women_children": "children", "size": 2, "kids_age": 8, "colour": 3, "brand_or_author": 4, "description": "Blue T-shirt with shark", "price": "4.99", "quality": "Used but Good", "image_url": null, "image": "DP0217201617074443M_fBM1Ecj.jpg", "quantity": 1}}, {"model": "items.item", "pk": "f07f3cc1-fb8e-46d0-a984-c849c5c680d1", "fields": {"category": 13, "name": "Dress", "clothes_type": 4, "men_women_children": "children", "size": 1, "kids_age": 5, "colour": 3, "brand_or_author": 4, "description": "Kids Dress", "price": "6.99", "quality": "Used but Good", "image_url": null, "image": "DP1208201517020379M_WxyNGuC.jpg", "quantity": 1}}, {"model": "items.item", "pk": "fa5c2bc9-f876-4659-b98d-21a897019038", "fields": {"category": 7, "name": "Shorts", "clothes_type": 2, "men_women_children": "women", "size": 4, "kids_age": null, "colour": 8, "brand_or_author": 2, "description": "Denim Shorts", "price": "5.99", "quality": "Used but Good", "image_url": null, "image": "DP0226201617024158M_SWJjPjN.jpg", "quantity": 1}}, {"model": "items.item", "pk": "fdffba32-4c0b-490e-af3e-d18c3f958efc", "fields": {"category": 8, "name": "Jeans", "clothes_type": 2, "men_women_children": "men", "size": 3, "kids_age": null, "colour": 8, "brand_or_author": 5, "description": "Denim Jeans", "price": "7.99", "quality": "Very Good", "image_url": null, "image": "DP0320201517010207M_uwix2AI.jpg", "quantity": 1}}, {"model": "checkout.order", "pk": 1, "fields": {"order_number": "67CE8336555B484CAEB8A60F462FBF42", "user_profile": null, "full_name": "Mario Castaldo", "email": "mario.castaldo1992@gmail.com", "phone_number": "640447295", "country": "AT", "postcode": "1033 VL", "town_or_city": "Amsterdam", "street_address1": "Plejadenplein", "street_address2": "12", "county": "Select a state", "date": "2023-03-29T15:16:25.970Z", "delivery_cost": "1.20", "order_total": "11.99", "grand_total": "13.19"}}, {"model": "checkout.order", "pk": 2, "fields": {"order_number": "F78C9F7166034ADA827773AAA8C4B76C", "user_profile": null, "full_name": "Mario Castaldo", "email": "mario.castaldo1992@gmail.com", "phone_number": "640447295", "country": "AT", "postcode": "1033 VL", "town_or_city": "Amsterdam", "street_address1": "Plejadenplein", "street_address2": "12", "county": "Select a state", "date": "2023-03-29T15:18:32.764Z", "delivery_cost": "1.20", "order_total": "11.99", "grand_total": "13.19"}}, {"model": "checkout.order", "pk": 3, "fields": {"order_number": "7DFCF32265CD4DF2B64E26BE01E6C27B", "user_profile": null, "full_name": "Mario Castaldo", "email": "mario.castaldo1992@gmail.com", "phone_number": "640447295", "country": "AT", "postcode": "1033 VL", "town_or_city": "Amsterdam", "street_address1": "Plejadenplein", "street_address2": "12", "county": "Select a state", "date": "2023-03-29T15:19:52.983Z", "delivery_cost": "1.20", "order_total": "11.99", "grand_total": "13.19"}}, {"model": "checkout.order", "pk": 4, "fields": {"order_number": "4D2A8BC94AFB433B8616C95A486C969E", "user_profile": null, "full_name": "Mario Castaldo", "email": "mario.castaldo1992@gmail.com", "phone_number": "0640447295", "country": "NL", "postcode": "1062 DK", "town_or_city": "Amsterdam", "street_address1": "Johan Jongkindstraat 206", "street_address2": "206", "county": "Select a state", "date": "2023-03-29T15:20:25.108Z", "delivery_cost": "1.20", "order_total": "11.99", "grand_total": "13.19"}}, {"model": "checkout.order", "pk": 5, "fields": {"order_number": "59356F2226294CE28B6DCDFBDCC22DA7", "user_profile": null, "full_name": "Mario Castaldo", "email": "mario.castaldo1992@gmail.com", "phone_number": "0640447295", "country": "NL", "postcode": "1062 DK", "town_or_city": "Amsterdam", "street_address1": "Johan Jongkindstraat 206", "street_address2": "206", "county": null, "date": "2023-03-29T15:21:00.807Z", "delivery_cost": "1.20", "order_total": "11.99", "grand_total": "13.19"}}, {"model": "checkout.order", "pk": 6, "fields": {"order_number": "9476678C1C8C4F4085F4FD79B0297B4C", "user_profile": null, "full_name": "Mario Castaldo", "email": "mario.castaldo1992@gmail.com", "phone_number": "0640447295", "country": "NL", "postcode": "1062 DK", "town_or_city": "Amsterdam", "street_address1": "Johan Jongkindstraat 206", "street_address2": "206", "county": "Select a state", "date": "2023-03-31T13:15:28.303Z", "delivery_cost": "0.60", "order_total": "5.99", "grand_total": "6.59"}}, {"model": "checkout.order", "pk": 7, "fields": {"order_number": "B02621FFC75040D3B6E368029F145859", "user_profile": null, "full_name": "Test", "email": "Test@test.com", "phone_number": "4", "country": "GB", "postcode": "4", "town_or_city": "4", "street_address1": "4", "street_address2": "4", "county": "4", "date": "2023-03-31T13:33:28.404Z", "delivery_cost": "0.70", "order_total": "6.99", "grand_total": "7.69"}}, {"model": "checkout.order", "pk": 8, "fields": {"order_number": "6F60F725B22E4090B1D29E4CC7BA21F8", "user_profile": null, "full_name": "Mario Castaldo", "email": "mario.castaldo1992@gmail.com", "phone_number": "0640447295", "country": "NL", "postcode": "1062 DK", "town_or_city": "Amsterdam", "street_address1": "Johan Jongkindstraat 206", "street_address2": "206", "county": "Select a state", "date": "2023-03-31T13:34:53.204Z", "delivery_cost": "0.60", "order_total": "5.99", "grand_total": "6.59"}}, {"model": "checkout.order", "pk": 9, "fields": {"order_number": "604769FB5D2543D8B477E4D7F06E1068", "user_profile": 6, "full_name": "Mario", "email": "mario.castaldo1992@gmail.com", "phone_number": "00033335555", "country": "NL", "postcode": "1062 DK", "town_or_city": "Amsterdam", "street_address1": "Johan Jongkindstraat 206", "street_address2": "206", "county": "Select a state", "date": "2023-03-31T14:03:26.275Z", "delivery_cost": "1.30", "order_total": "12.98", "grand_total": "14.28"}}, {"model": "checkout.orderlineitem", "pk": 1, "fields": {"order": 1, "item": "8b9e5d3f-8c0c-41e7-ba9d-c27cf5a459bb", "quantity": 1, "lineitem_total": "11.99"}}, {"model": "checkout.orderlineitem", "pk": 2, "fields": {"order": 2, "item": "8b9e5d3f-8c0c-41e7-ba9d-c27cf5a459bb", "quantity": 1, "lineitem_total": "11.99"}}, {"model": "checkout.orderlineitem", "pk": 3, "fields": {"order": 3, "item": "8b9e5d3f-8c0c-41e7-ba9d-c27cf5a459bb", "quantity": 1, "lineitem_total": "11.99"}}, {"model": "checkout.orderlineitem", "pk": 4, "fields": {"order": 4, "item": "8b9e5d3f-8c0c-41e7-ba9d-c27cf5a459bb", "quantity": 1, "lineitem_total": "11.99"}}, {"model": "checkout.orderlineitem", "pk": 5, "fields": {"order": 5, "item": "8b9e5d3f-8c0c-41e7-ba9d-c27cf5a459bb", "quantity": 1, "lineitem_total": "11.99"}}, {"model": "checkout.orderlineitem", "pk": 6, "fields": {"order": 6, "item": "fa5c2bc9-f876-4659-b98d-21a897019038", "quantity": 1, "lineitem_total": "5.99"}}, {"model": "checkout.orderlineitem", "pk": 7, "fields": {"order": 7, "item": "a54f55eb-bf69-4a0b-aeef-a0914d8ff17e", "quantity": 1, "lineitem_total": "6.99"}}, {"model": "checkout.orderlineitem", "pk": 8, "fields": {"order": 8, "item": "fa5c2bc9-f876-4659-b98d-21a897019038", "quantity": 1, "lineitem_total": "5.99"}}, {"model": "checkout.orderlineitem", "pk": 9, "fields": {"order": 9, "item": "a69b3c96-11f6-487b-84b5-9a8eaf2d0d18", "quantity": 1, "lineitem_total": "5.99"}}, {"model": "checkout.orderlineitem", "pk": 10, "fields": {"order": 9, "item": "08d80f38-bea6-4ce4-a47d-4f23df8198ac", "quantity": 1, "lineitem_total": "6.99"}}, {"model": "profiles.userprofile", "pk": 5, "fields": {"user": 6, "default_phone_number": null, "default_street_address1": null, "default_street_address2": null, "default_town_or_city": null, "default_county": null, "default_postcode": null, "default_country": null}}, {"model": "profiles.userprofile", "pk": 6, "fields": {"user": 1, "default_phone_number": "00033335555", "default_street_address1": "Johan Jongkindstraat 206", "default_street_address2": "206", "default_town_or_city": "Amsterdam", "default_county": "Select a state", "default_postcode": "1062 DK", "default_country": "NL"}}, {"model": "profiles.userprofile", "pk": 7, "fields": {"user": 7, "default_phone_number": null, "default_street_address1": null, "default_street_address2": null, "default_town_or_city": null, "default_county": null, "default_postcode": null, "default_country": null}}, {"model": "blog.blogpost", "pk": 1, "fields": {"charity_name": "Coordan Center helps those in need", "event_name": "test", "donation_amount": "3000.00", "image": "placeholder", "summary": "test", "charity_location": "Amsterdam", "charity_website": "", "created_on": "2023-04-03T15:02:57.119Z"}}, {"model": "reviews.review", "pk": 1, "fields": {"title": "I love it", "user": "mario.92", "review": "amazing Charity plans", "created_on": "2023-04-05T09:30:00.652Z"}}, {"model": "donations.donation", "pk": 1, "fields": {"full_name": "Mario Castaldo", "email": "mario.castaldo1992@gmail.com", "phone_number": "0640447295", "postcode": "1062 DK", "town_or_city": "Amsterdam", "street_address1": "Johan Jongkindstraat 206", "street_address2": "206", "county": null, "collection_date": "Amsterdam", "donation_description": "", "number_of_bags": 1}}, {"model": "donations.donation", "pk": 2, "fields": {"full_name": "Mario Castaldo", "email": "mario.castaldo1992@gmail.com", "phone_number": "0640447295", "postcode": "1062 DK", "town_or_city": "Amsterdam", "street_address1": "Johan Jongkindstraat 206", "street_address2": "206", "county": null, "collection_date": "Amsterdam", "donation_description": "", "number_of_bags": 1}}, {"model": "donations.donation", "pk": 3, "fields": {"full_name": "Mario Castaldo", "email": "mario.castaldo1992@gmail.com", "phone_number": "0640447295", "postcode": "1062 DK", "town_or_city": "Amsterdam", "street_address1": "Johan Jongkindstraat 206", "street_address2": "206", "county": null, "collection_date": "Amsterdam", "donation_description": "", "number_of_bags": 1}}]